{
  "snow": {
    "instance": "dev85963.service-now.com",
    "auth": "Basic cHJhdmluLmNoYXJsZXM6U24xMjM0NTY=",
    "endpoint": "x_459956_fsm1_index.do"
  },
  "application": {
    "name": "Fsm1",
    "scope": "x_459956_fsm1",
    "sys_id": "228ac80307c41010928bfd1e7c1ed03b"
  },
  "files": {
    "html": {
      "index": "538ac88307c41010928bfd1e7c1ed078"
    },
    "js": {
      "inline": "",
      "polyfills": "938ac88307c41010928bfd1e7c1ed0a8",
      "vendor": "",
      "main": "1b8ac80307c41010928bfd1e7c1ed06c",
      "runtime": "978a4c4707041010928bfd1e7c1ed055"
    },
    "css": {
      "styles": "df8a44cf07841010928bfd1e7c1ed00f"
    }
  }
}